<?xml version="1.0" encoding="UTF-8"?>
<project-private xmlns="http://www.netbeans.org/ns/project-private/1">
    <editor-bookmarks xmlns="http://www.netbeans.org/ns/editor-bookmarks/2" lastBookmarkId="0"/>
    <open-files xmlns="http://www.netbeans.org/ns/projectui-open-files/2">
        <group>
            <file>file:/C:/Users/Saniuzzaman%20Robin/Documents/NetBeansProjects/Chat/src/chat/ServerGUI.java</file>
            <file>file:/C:/Users/Saniuzzaman%20Robin/Documents/NetBeansProjects/Chat/src/chat/ClientGUI.java</file>
            <file>file:/C:/Users/Saniuzzaman%20Robin/Documents/NetBeansProjects/Chat/src/chat/ChatMessage.java</file>
            <file>file:/C:/Users/Saniuzzaman%20Robin/Documents/NetBeansProjects/Chat/src/chat/Server.java</file>
            <file>file:/C:/Users/Saniuzzaman%20Robin/Documents/NetBeansProjects/Chat/src/chat/Client.java</file>
        </group>
    </open-files>
</project-private>
